{
  "CAND_0033861": 0.44802148875031583,
  "CAND_0046064": 0.5249188185400379,
  "CAND_0002025": 0.5787131250069522,
  "CAND_0018499": 0.579376655751918,
  "CAND_0039754": 0.6269240488201592,
  "CAND_0055905": 0.6311878706152037,
  "CAND_0088025": 0.476564568710571,
  "CAND_0005538": 0.4269278125802436,
  "CAND_0093547": 0.44370916895493034,
  "CAND_0006567": 0.550319377437351,
  "CAND_0046525": 0.5106372804023779,
  "CAND_0005260": 0.47935758423147373,
  "CAND_0068351": 0.5135255496684397,
  "CAND_0081846": 0.5800420711179592,
  "CAND_0093912": 0.5927006405233681,
  "CAND_0077337": 0.5276737221044857,
  "CAND_0094759": 0.4442478447853313,
  "CAND_0041611": 0.3761936526247406,
  "CAND_0092278": 0.26154871085287396,
  "CAND_0093193": 0.47014112639580824,
  "CAND_0008425": 0.3572454770943304,
  "CAND_0086022": 0.45390156948265675,
  "CAND_0080766": 0.5011462002134801,
  "CAND_0071974": 0.4519431663730937,
  "CAND_0030468": 0.5213434420743315,
  "CAND_0030031": 0.5200078690104561,
  "CAND_0074325": 0.36059219959873057,
  "CAND_0062772": 0.36327422711466223,
  "CAND_0061257": 0.518125928982179,
  "CAND_0036863": 0.4674547820194512,
  "CAND_0007411": 0.38468774316907645,
  "CAND_0066999": 0.4468526448153695,
  "CAND_0048166": 0.48012310177306705,
  "CAND_0015065": 0.34795019409450934,
  "CAND_0061339": 0.30064831271368436,
  "CAND_0073633": 0.2098834903308105,
  "CAND_0019480": 0.4098507893089273,
  "CAND_0030827": 0.2505890372335448,
  "CAND_0040310": 0.3486331666373894,
  "CAND_0055992": 0.49135251214320136,
  "CAND_0041669": 0.5834096643212671,
  "CAND_0059795": 0.4457100699341818,
  "CAND_0011432": 0.47178328239302036,
  "CAND_0061265": 0.26891632656428516,
  "CAND_0006833": 0.20199266719465783,
  "CAND_0011687": 0.6083860465734566,
  "CAND_0019288": 0.4949978696157654,
  "CAND_0018888": 0.5335041060616951,
  "CAND_0020877": 0.39456330110730525,
  "CAND_0060072": 0.2891832408506708,
  "CAND_0009200": 0.31220890489389136,
  "CAND_0081852": 0.42964690518545323,
  "CAND_0081321": 0.3102133243626679,
  "CAND_0041402": 0.45375393149156484,
  "CAND_0079064": 0.36976026724393585,
  "CAND_0010257": 0.3475466972469207,
  "CAND_0033842": 0.3853188732398217,
  "CAND_0005269": 0.3995934997332492,
  "CAND_0034849": 0.3110574123491704,
  "CAND_0068892": 0.28305391942181823,
  "CAND_0076412": 0.2501228618683027,
  "CAND_0016657": 0.34231962058031334,
  "CAND_0046924": 0.27524546488441903,
  "CAND_0029714": 0.37269413722385697,
  "CAND_0076904": 0.3678608977530787,
  "CAND_0060315": 0.3295536280242822,
  "CAND_0099806": 0.5318531406916094,
  "CAND_0043958": 0.22467416191105585,
  "CAND_0042100": 0.3327513615611145,
  "CAND_0068410": 0.40769345501406784,
  "CAND_0044855": 0.4603790483214893,
  "CAND_0066035": 0.48148413614584645,
  "CAND_0057563": 0.39575357866798916,
  "CAND_0087744": 0.5410166321403908,
  "CAND_0015528": 0.4243949130885053,
  "CAND_0089444": 0.42191440111920403,
  "CAND_0036437": 0.5427522654731549,
  "CAND_0036484": 0.3383695140311225,
  "CAND_0065878": 0.4029460738123124,
  "CAND_0084819": 0.31228772104182007,
  "CAND_0028793": 0.2855956402458142,
  "CAND_0005649": 0.40908949858336446,
  "CAND_0060054": 0.4353818878846837,
  "CAND_0026532": 0.33254782421085594,
  "CAND_0066376": 0.34791157683579194,
  "CAND_0092245": 0.33962121754482955,
  "CAND_0009837": 0.4837608334935194,
  "CAND_0081086": 0.3292013294513694,
  "CAND_0044576": 0.41618156853370514,
  "CAND_0092596": 0.2577016538242199,
  "CAND_0044222": 0.4476532231912859,
  "CAND_0062247": 0.5622867518822747,
  "CAND_0018549": 0.4645409558857135,
  "CAND_0059520": 0.3937539826780685,
  "CAND_0013665": 0.4303123493699397,
  "CAND_0066791": 0.27302401093258055,
  "CAND_0041568": 0.33468197667243427,
  "CAND_0011327": 0.4991310151874109,
  "CAND_0025046": 0.29258107895111096,
  "CAND_0022023": 0.47229814741370907,
  "CAND_0001610": 0.3600243146335667,
  "CAND_0006557": 0.2662135094215767,
  "CAND_0047721": 0.28116398133859316,
  "CAND_0024878": 0.5847199806239372,
  "CAND_0059440": 0.34760554478735967,
  "CAND_0076251": 0.37867561425605234,
  "CAND_0087364": 0.5110645024133693,
  "CAND_0078002": 0.44602280175385,
  "CAND_0065195": 0.5128141143399672,
  "CAND_0006538": 0.3644060012508136,
  "CAND_0010541": 0.4731429817049467,
  "CAND_0037944": 0.40199847134138833,
  "CAND_0094445": 0.23796383191266496,
  "CAND_0024620": 0.5263092407289125,
  "CAND_0011162": 0.3531712608549365,
  "CAND_0049538": 0.5033182712271522,
  "CAND_0068777": 0.18582896127073167,
  "CAND_0091534": 0.46110779570521804,
  "CAND_0088878": 0.2385026001997447,
  "CAND_0083879": 0.5768418980459404,
  "CAND_0037980": 0.5839675661746576,
  "CAND_0030348": 0.4508467438900288,
  "CAND_0052027": 0.2716405365676226,
  "CAND_0029367": 0.3472112058735307,
  "CAND_0049978": 0.3089685670526455,
  "CAND_0000031": 0.3990863839111813,
  "CAND_0088526": 0.20125589371833405,
  "CAND_0076587": 0.5053767976088354,
  "CAND_0051004": 0.6123596970396201,
  "CAND_0092706": 0.34281863777119875,
  "CAND_0075439": 0.5256650347438174,
  "CAND_0087006": 0.3636248448140836,
  "CAND_0068811": 0.570456228388209,
  "CAND_0068985": 0.2845158811681617,
  "CAND_0054318": 0.5915254282224164,
  "CAND_0042029": 0.43651782837138975,
  "CAND_0064326": 0.5410850633316981,
  "CAND_0094728": 0.3254354536170446,
  "CAND_0015967": 0.47930365792113855,
  "CAND_0002770": 0.22153381171723335,
  "CAND_0047521": 0.3013987397986848,
  "CAND_0028527": 0.4222393284594066,
  "CAND_0032515": 0.43273829851283396,
  "CAND_0037566": 0.5394681720326027,
  "CAND_0011643": 0.3604639769333892,
  "CAND_0089470": 0.32344733268926573,
  "CAND_0014743": 0.34473121785926597,
  "CAND_0041348": 0.2963995577792081,
  "CAND_0087804": 0.20444346371601016,
  "CAND_0098952": 0.4657482457962258,
  "CAND_0075249": 0.379030728869386,
  "CAND_0098454": 0.6156296290515941,
  "CAND_0051466": 0.3847004617307869,
  "CAND_0077067": 0.3499223846197153,
  "CAND_0074024": 0.5412441894626429,
  "CAND_0040677": 0.2652659330119629,
  "CAND_0014683": 0.27302300617409986,
  "CAND_0044890": 0.3055352034292551,
  "CAND_0080794": 0.2632122179759562,
  "CAND_0052706": 0.4965967015668425,
  "CAND_0093331": 0.554864738427995,
  "CAND_0027801": 0.26180369662774516,
  "CAND_0006581": 0.18236815322152353,
  "CAND_0052328": 0.5672642873553949,
  "CAND_0035764": 0.3258807700694194,
  "CAND_0040887": 0.6397635015529134,
  "CAND_0055960": 0.4741207862636679,
  "CAND_0065139": 0.3581660722064777,
  "CAND_0001218": 0.2632682508779867,
  "CAND_0042441": 0.36072422584154473,
  "CAND_0082973": 0.4300098319095178,
  "CAND_0022274": 0.5442726496782596,
  "CAND_0095528": 0.44288611502958114,
  "CAND_0079387": 0.5681836428052452,
  "CAND_0017090": 0.4717466235610282,
  "CAND_0078492": 0.520216266458651,
  "CAND_0011140": 0.20707814683141465,
  "CAND_0016163": 0.3177963518096575,
  "CAND_0074317": 0.3112794532593497,
  "CAND_0003609": 0.3586607547815362,
  "CAND_0006437": 0.2499087023835378,
  "CAND_0079284": 0.4668379312779792,
  "CAND_0075491": 0.4749067851998204,
  "CAND_0083307": 0.2787883628549624,
  "CAND_0077285": 0.41017604088702314,
  "CAND_0001940": 0.2994977573109485,
  "CAND_0013536": 0.37816359799298405,
  "CAND_0053591": 0.5377492307594092,
  "CAND_0002344": 0.3358673912056285,
  "CAND_0045250": 0.4709640067492307,
  "CAND_0058575": 0.320798142747005,
  "CAND_0082913": 0.3575601730521753,
  "CAND_0001930": 0.313968370952586,
  "CAND_0051292": 0.44764189029171886,
  "CAND_0008918": 0.34998938249356054,
  "CAND_0091899": 0.4430110654232376,
  "CAND_0020845": 0.47212222675263804,
  "CAND_0082262": 0.5070293809650243,
  "CAND_0074225": 0.31467103198271346,
  "CAND_0014440": 0.4788299903339363,
  "CAND_0067643": 0.3059293736445736,
  "CAND_0054795": 0.2580638369440773,
  "CAND_0039383": 0.41292590433316434,
  "CAND_0013613": 0.34472314242368374,
  "CAND_0050454": 0.5003836888466628,
  "CAND_0030550": 0.19000002960911794,
  "CAND_0041610": 0.6278519123588826,
  "CAND_0080597": 0.299308550503457,