{
  "CAND_0033861": 0.44882810838868503,
  "CAND_0046064": 0.527253610117892,
  "CAND_0002025": 0.5824193756137642,
  "CAND_0018499": 0.5824103412872461,
  "CAND_0039754": 0.6300048247771436,
  "CAND_0055905": 0.6344143491686804,
  "CAND_0088025": 0.4787211118804601,
  "CAND_0005538": 0.4291863475676774,
  "CAND_0093547": 0.44526024880643533,
  "CAND_0006567": 0.5525298948077253,
  "CAND_0046525": 0.513645330335195,
  "CAND_0005260": 0.4818197700194395,
  "CAND_0068351": 0.5153786749718456,
  "CAND_0081846": 0.5826426797889878,
  "CAND_0093912": 0.5956422935794237,
  "CAND_0077337": 0.530824035120276,
  "CAND_0094759": 0.4446902050695691,
  "CAND_0041611": 0.3764477218901506,
  "CAND_0092278": 0.2616678684481144,
  "CAND_0093193": 0.4718956151953712,
  "CAND_0008425": 0.35885484969254844,
  "CAND_0086022": 0.455872462305501,
  "CAND_0080766": 0.5029431075226052,
  "CAND_0071974": 0.4536444294997254,
  "CAND_0030468": 0.5235539594447057,
  "CAND_0030031": 0.5234926585944659,
  "CAND_0074325": 0.361714614675679,
  "CAND_0062772": 0.3649085812191601,
  "CAND_0061257": 0.5201274150135105,
  "CAND_0036863": 0.4691300409188687,
  "CAND_0007411": 0.3849379289229929,
  "CAND_0066999": 0.4485421808286011,
  "CAND_0048166": 0.4813086184777251,
  "CAND_0015065": 0.3500413145261903,
  "CAND_0061339": 0.3018493460136707,
  "CAND_0073633": 0.21062103242311453,
  "CAND_0019480": 0.41197436918365704,
  "CAND_0030827": 0.2515773362535636,
  "CAND_0040310": 0.349432970084632,
  "CAND_0055992": 0.4926221209767219,
  "CAND_0041669": 0.5848680618998219,
  "CAND_0059795": 0.4464737555405599,
  "CAND_0011432": 0.4728386293687203,
  "CAND_0061265": 0.2697007400163036,
  "CAND_0006833": 0.20312792465319862,
  "CAND_0011687": 0.6112827357357693,
  "CAND_0019288": 0.49759847828679393,
  "CAND_0018888": 0.5372678869898954,
  "CAND_0020877": 0.39595583979035165,
  "CAND_0060072": 0.28957943408577924,
  "CAND_0009200": 0.31297259050026954,
  "CAND_0081852": 0.4326549551182703,
  "CAND_0081321": 0.31147783140412494,
  "CAND_0041402": 0.4558323629644378,
  "CAND_0079064": 0.37081137341673426,
  "CAND_0010257": 0.3492152242913512,
  "CAND_0033842": 0.3866081895923362,
  "CAND_0005269": 0.4016719312061222,
  "CAND_0034849": 0.3124499510322168,
  "CAND_0068892": 0.2842925282176841,
  "CAND_0076412": 0.25062468182026015,
  "CAND_0016657": 0.3448588382473546,
  "CAND_0046924": 0.27686337406524963,
  "CAND_0029714": 0.37477256869673,
  "CAND_0076904": 0.36937410488935624,
  "CAND_0060315": 0.33028727861941454,
  "CAND_0099806": 0.5345351119363513,
  "CAND_0043958": 0.22619539554023071,
  "CAND_0042100": 0.33371941932513494,
  "CAND_0068410": 0.4108926688030381,
  "CAND_0044855": 0.46230341546344444,
  "CAND_0066035": 0.4844921860786635,
  "CAND_0057563": 0.39759104447632615,
  "CAND_0087744": 0.5428414319656908,
  "CAND_0015528": 0.42639639911983673,
  "CAND_0089444": 0.4230611976817128,
  "CAND_0036437": 0.5458330414301393,
  "CAND_0036484": 0.33897003068111564,
  "CAND_0065878": 0.4043290134751987,
  "CAND_0084819": 0.31385654794585705,
  "CAND_0028793": 0.28664674641861265,
  "CAND_0005649": 0.41044803565073956,
  "CAND_0060054": 0.4366427450756562,
  "CAND_0026532": 0.3335933844266964,
  "CAND_0066376": 0.34973200290551193,
  "CAND_0092245": 0.34089082637835016,
  "CAND_0009837": 0.48509048736314664,
  "CAND_0081086": 0.33025667642706935,
  "CAND_0044576": 0.41805894840502444,
  "CAND_0092596": 0.25958899186705553,
  "CAND_0044222": 0.4503125309305406,
  "CAND_0062247": 0.5645161080172694,
  "CAND_0018549": 0.4665876180200148,
  "CAND_0059520": 0.39576936107598726,
  "CAND_0013665": 0.43353882792341647,
  "CAND_0066791": 0.2744109538426503,
  "CAND_0041568": 0.33588300997242065,
  "CAND_0011327": 0.5022331748904209,
  "CAND_0025046": 0.2935197688867706,
  "CAND_0022023": 0.4751264561780424,
  "CAND_0001610": 0.3613416379584368,
  "CAND_0006557": 0.26721714932549173,
  "CAND_0047721": 0.28234665654785523,
  "CAND_0024878": 0.5878702936397274,
  "CAND_0059440": 0.348274430533686,
  "CAND_0076251": 0.38035087315546995,
  "CAND_0087364": 0.5135476717679575,
  "CAND_0078002": 0.447860267562187,
  "CAND_0065195": 0.5158688567654799,
  "CAND_0006538": 0.3658643988293685,
  "CAND_0010541": 0.47407597565210824,
  "CAND_0037944": 0.4033602724298506,
  "CAND_0094445": 0.2397383951170772,
  "CAND_0024620": 0.5279088476233976,
  "CAND_0011162": 0.35519894326855533,
  "CAND_0049538": 0.5070820521553525,
  "CAND_0068777": 0.18678727840633436,
  "CAND_0091534": 0.46378976694995994,
  "CAND_0088878": 0.23906155258364667,
  "CAND_0083879": 0.5788744521692204,
  "CAND_0037980": 0.5854612236258583,
  "CAND_0030348": 0.45215607367174715,
  "CAND_0052027": 0.2732584457484532,
  "CAND_0029367": 0.34957655629205486,
  "CAND_0049978": 0.30968661985826895,
  "CAND_0000031": 0.4021411263366939,
  "CAND_0088526": 0.20178144680473328,
  "CAND_0076587": 0.5074409020789096,
  "CAND_0051004": 0.615041668284362,
  "CAND_0092706": 0.34488871728170883,
  "CAND_0075439": 0.52843091406959,
  "CAND_0087006": 0.36506095042533043,
  "CAND_0068811": 0.5738877521024557,
  "CAND_0068985": 0.2852842291246477,
  "CAND_0054318": 0.5947246420113865,
  "CAND_0042029": 0.43814226518389643,
  "CAND_0064326": 0.5440018584888079,
  "CAND_0094728": 0.3272323609261697,
  "CAND_0015967": 0.4823373434564667,
  "CAND_0002770": 0.22211025147055163,
  "CAND_0047521": 0.30294358679589045,
  "CAND_0028527": 0.4247940482148266,
  "CAND_0032515": 0.4353569580762706,
  "CAND_0037566": 0.5415968540202286,
  "CAND_0011643": 0.3625550973650702,
  "CAND_0089470": 0.3246228314027191,
  "CAND_0014743": 0.3457607964288854,
  "CAND_0041348": 0.29712875656848553,
  "CAND_0087804": 0.20514769959037715,
  "CAND_0098952": 0.4666391072331722,
  "CAND_0075249": 0.3805581000821423,
  "CAND_0098454": 0.6188288428405644,
  "CAND_0051466": 0.3863248985432936,
  "CAND_0077067": 0.3518885535252498,
  "CAND_0074024": 0.5443249654196273,
  "CAND_0040677": 0.2671532710547986,
  "CAND_0014683": 0.27409042815560886,
  "CAND_0044890": 0.30624659737240306,
  "CAND_0080794": 0.26441325127594256,
  "CAND_0052706": 0.4988763771248731,
  "CAND_0093331": 0.5566341795649462,
  "CAND_0027801": 0.2628387363830002,
  "CAND_0006581": 0.18307238909589052,
  "CAND_0052328": 0.5688285860255446,
  "CAND_0035764": 0.3281393050568532,
  "CAND_0040887": 0.6433573161711635,
  "CAND_0055960": 0.47671516168843636,
  "CAND_0065139": 0.3600904393484328,
  "CAND_0001218": 0.26404852552523483,
  "CAND_0042441": 0.3617697860573852,
  "CAND_0082973": 0.43196407006449683,
  "CAND_0022274": 0.5479789002850717,
  "CAND_0095528": 0.4450966323999554,
  "CAND_0079387": 0.5704827465169853,
  "CAND_0017090": 0.47406168541141397,
  "CAND_0078492": 0.5218048469744687,
  "CAND_0011140": 0.20771040035214314,
  "CAND_0016163": 0.3188155707265308,
  "CAND_0074317": 0.3122526458846729,
  "CAND_0003609": 0.35963787385902574,
  "CAND_0006437": 0.251073300110028,
  "CAND_0079284": 0.4686910565813852,
  "CAND_0075491": 0.47725778262672697,
  "CAND_0083307": 0.27952590494726637,
  "CAND_0077285": 0.4123865582573974,
  "CAND_0001940": 0.30069879061093485,
  "CAND_0013536": 0.3798490844565263,
  "CAND_0053591": 0.5404917375298645,
  "CAND_0002344": 0.33687103110954353,
  "CAND_0045250": 0.4734092202467284,
  "CAND_0058575": 0.3219808179562671,
  "CAND_0082913": 0.3590641980185838,
  "CAND_0001930": 0.31457207291839645,
  "CAND_0051292": 0.449523780755819,
  "CAND_0008918": 0.3506686510272481,
  "CAND_0091899": 0.44432039520495586,
  "CAND_0020845": 0.4750390219097476,
  "CAND_0082262": 0.5082519877137731,
  "CAND_0074225": 0.3165295215972682,
  "CAND_0014440": 0.4812921761219021,
  "CAND_0067643": 0.307051788721522,
  "CAND_0054795": 0.2589601371478171,
  "CAND_0039383": 0.4138361173680244,
  "CAND_0013613": 0.34589864113713703,
  "CAND_0050454": 0.502754722255979,
  "CAND_0030550": 0.19072629818831985,
  "CAND_0041610": 0.630932688315867,
  "CAND_0080597": 0.30095820265669826,
  "CAND_0030953": 0.3897358716255074,